id,first_name,last_name,username,email
1,Leanne,Graham,Bret,Sincere@april.biz
2,Ervin,Howell,Antonette,Shanna@melissa.tv
3,Clementine,Bauch,Samantha,Nathan@yesenia.net
4,Patricia,Lebsack,Karianne,Julianne.OConner@kory.org
5,Chelsey,Dietrich,Kamren,Lucio_Hettinger@annie.ca
6,Mrs.,Schulist,Leopoldo_Corkery,Karley_Dach@jasper.info
7,Kurtis,Weissnat,Elwyn.Skiles,Telly.Hoeger@billy.biz
8,Nicholas,V,Maxime_Nienow,Sherwood@rosamond.me
9,Glenna,Reichert,Delphine,Chaim_McDermott@dana.io
10,Clementina,DuBuque,Moriah.Stanton,Rey.Padberg@karina.biz
