id,title,user_id
4,et porro tempora,1
8,quo adipisci enim quam ut ab,1
10,illo est ratione doloremque quia maiores aut,1
11,vero rerum temporibus dolor,1
12,ipsa repellendus fugit nisi,1
14,repellendus sunt dolores architecto voluptatum,1
15,ab voluptatum amet voluptas,1
16,accusamus eos facilis sint et aut voluptatem,1
17,quo laboriosam deleniti aut qui,1
19,molestiae ipsa aut voluptatibus pariatur dolor nihil,1
20,ullam nobis libero sapiente ad optio sint,1
22,distinctio vitae autem nihil ut molestias quo,2
25,voluptas quo tenetur perspiciatis explicabo natus,2
26,aliquam aut quasi,2
27,veritatis pariatur delectus,2
30,nemo perspiciatis repellat ut dolor libero commodi blanditiis omnis,2
35,repellendus veritatis molestias dicta incidunt,2
36,excepturi deleniti adipisci voluptatem et neque optio illum ad,2
40,totam atque quo nesciunt,2
43,tempore ut sint quis recusandae,3
44,cum debitis quis accusamus doloremque ipsa natus sapiente omnis,3
50,cupiditate necessitatibus ullam aut quis dolor voluptate,3
54,quis et est ut voluptate quam dolor,3
55,voluptatum omnis minima qui occaecati provident nulla voluptatem ratione,3
56,deleniti ea temporibus enim,3
60,et sequi qui architecto ut adipisci,3
61,odit optio omnis qui sunt,4
63,doloremque aut dolores quidem fuga qui nulla,4
73,sint amet quia totam corporis qui exercitationem commodi,4
76,sequi dolorem sed,4
79,eum ipsa maxime ut,4
80,tempore molestias dolores rerum sequi voluptates ipsum consequatur,4
81,suscipit qui totam,5
83,quidem at rerum quis ex aut sit quam,5
85,et quia ad iste a,5
86,incidunt ut saepe autem,5
87,laudantium quae eligendi consequatur quia et vero autem,5
89,sequi ut omnis et,5
90,molestiae nisi accusantium tenetur dolorem et,5
91,nulla quis consequatur saepe qui id expedita,5
92,in omnis laboriosam,5
93,odio iure consequatur molestiae quibusdam necessitatibus quia sint,5
95,vel nihil et molestiae iusto assumenda nemo quo ut,5
98,debitis accusantium ut quo facilis nihil quis sapiente necessitatibus,5
105,totam quia dolorem et illum repellat voluptas optio,6
106,ad illo quis voluptatem temporibus,6
108,a eos eaque nihil et exercitationem incidunt delectus,6
109,autem temporibus harum quisquam in culpa,6
110,aut aut ea corporis,6
116,ipsa dolores vel facilis ut,6
121,inventore aut nihil minima laudantium hic qui omnis,7
122,provident aut nobis culpa,7
126,ut asperiores perspiciatis veniam ipsum rerum saepe,7
127,voluptatem libero consectetur rerum ut,7
130,nulla aliquid eveniet harum laborum libero alias ut unde,7
132,qui molestiae voluptatibus velit iure harum quisquam,7
133,et labore eos enim rerum consequatur sunt,7
138,placeat minima consequatur rem qui ut,7
140,aut consectetur in blanditiis deserunt quia sed laboriosam,7
141,explicabo consectetur debitis voluptates quas quae culpa rerum non,8
142,maiores accusantium architecto necessitatibus reiciendis ea aut,8
146,molestiae suscipit ratione nihil odio libero impedit vero totam,8
147,eum itaque quod reprehenderit et facilis dolor autem ut,8
151,accusamus adipisci dicta qui quo ea explicabo sed vero,8
154,rerum non ex sapiente,8
155,voluptatem nobis consequatur et assumenda magnam,8
156,nam quia quia nulla repellat assumenda quibusdam sit nobis,8
157,dolorem veniam quisquam deserunt repellendus,8
158,debitis vitae delectus et harum accusamus aut deleniti a,8
159,debitis adipisci quibusdam aliquam sed dolore ea praesentium nobis,8
161,ex hic consequuntur earum omnis alias ut occaecati culpa,9
162,omnis laboriosam molestias animi sunt dolore,9
169,ea odio perferendis officiis,9
171,fugiat aut voluptatibus corrupti deleniti velit iste odio,9
175,laudantium eius officia perferendis provident perspiciatis asperiores,9
178,nesciunt itaque commodi tempore,9
179,omnis consequuntur cupiditate impedit itaque ipsam quo,9
180,debitis nisi et dolorem repellat et,9
182,inventore saepe cumque et aut illum enim,10
183,omnis nulla eum aliquam distinctio,10
188,vel non beatae est,10
189,culpa eius et voluptatem et,10
190,accusamus sint iusto et voluptatem exercitationem,10
191,temporibus atque distinctio omnis eius impedit tempore molestias pariatur,10
193,rerum debitis voluptatem qui eveniet tempora distinctio a,10
195,rerum ex veniam mollitia voluptatibus pariatur,10
196,consequuntur aut ut fugit similique,10
197,dignissimos quo nobis earum saepe,10
198,quis eius est sint explicabo,10
199,numquam repellendus a magnam,10
